iter	MAE	RMSE
0	1.261343202	1.627525471
1	1.211657571	1.565030152
2	1.16408576	1.504966034
3	1.119409554	1.447858802
4	1.076160685	1.392418159
5	1.033240171	1.339241413
6	0.9932310162	1.288566086
7	0.9547897237	1.239571412
8	0.9175195703	1.192315831
9	0.8819983701	1.146551006
10	0.8468058151	1.10245828
11	0.8137214501	1.060494122
12	0.7812839503	1.019808693
13	0.750775878	0.9806147825
14	0.7215080962	0.9429214111
15	0.6940257113	0.9071679724
16	0.6671858293	0.8725038062
17	0.641235811	0.8390046181
18	0.6158498866	0.806877208
19	0.5919991519	0.7762734222
20	0.5690560876	0.7467746328
21	0.5469498078	0.7186306174
22	0.525170255	0.6914578831
23	0.5053123167	0.6655738289
24	0.4851893464	0.6401198723
25	0.4663506447	0.6160416357
26	0.4486104439	0.5927583721
27	0.4307840714	0.5704734563
28	0.4138447941	0.5490071132
29	0.3974501118	0.5282840405
30	0.3818130938	0.5085294488
31	0.366698592	0.489309264
32	0.3523003138	0.4710011149
33	0.3383736634	0.4532865084
34	0.3254303202	0.4363073525
35	0.3130576621	0.4203094129
36	0.3010102009	0.4046859935
37	0.289103766	0.3895485082
38	0.2779657246	0.3751329801
39	0.2671681616	0.3611266818
40	0.2566328809	0.3477797744
41	0.2466037554	0.334836182
42	0.2370510365	0.3225568313
43	0.2278691841	0.3108626068
44	0.2191884716	0.2995780361
45	0.2106031355	0.2886740403
46	0.2025311263	0.2783271248
47	0.194827839	0.2683200165
48	0.187218262	0.2586295725
49	0.1799894831	0.2494285432
50	0.1729783833	0.2405910901
51	0.1662817717	0.232164141
52	0.1599236013	0.2240297412
53	0.153767859	0.2161376266
54	0.147888418	0.2085816589
55	0.1422023965	0.2014083957
56	0.1368123429	0.1945375311
57	0.131839202	0.1879704482
58	0.1268044029	0.1816812528
59	0.1219738881	0.1756444482
60	0.1174398562	0.1698781566
61	0.1130229086	0.164296852
62	0.1087858291	0.1589519724
63	0.1046906811	0.1537681888
64	0.1008419506	0.1488777651
65	0.09706060788	0.1441928703
66	0.09347967233	0.1396868553
67	0.09006221519	0.1353970108
68	0.08674238499	0.1313566984
69	0.08356996295	0.1273443291
70	0.08053974099	0.1236031914
71	0.07763269421	0.1200306741
72	0.07492707483	0.1166370603
73	0.07224171806	0.113361959
74	0.06973828909	0.110259781
75	0.06731454469	0.1073116722
76	0.06498536796	0.1045139114
77	0.06271284531	0.1018184996
78	0.06065197735	0.09927714758
79	0.05859544217	0.09677782381
80	0.05666435117	0.09446757154
81	0.054810381	0.0922921061
82	0.05300275094	0.09016533527
83	0.05132228624	0.08822770845
84	0.04974710305	0.08638082861
85	0.04825005329	0.08462011949
86	0.04680068206	0.08297581409
87	0.04537676603	0.08136143627
88	0.04402741443	0.07982834798
89	0.04276886327	0.07840740501
90	0.04164697346	0.07698472436
91	0.04052714152	0.07562488862
92	0.03944130774	0.07441264711
93	0.03845118668	0.07323810932
94	0.03741498224	0.07210523376
95	0.03648162152	0.07104932412
96	0.03558551383	0.070057222
97	0.03473608621	0.06909923143
98	0.03391638444	0.06819247185
99	0.03310363297	0.06737434138
100	0.03238680771	0.06655457806
101	0.03169626037	0.0657335129
102	0.03107091507	0.06500763231
103	0.03045871413	0.06432676836
104	0.02990160985	0.06368445864
105	0.0293395154	0.06301218954
106	0.0288392301	0.06236780685
107	0.02836153275	0.06175662938
108	0.02789086607	0.06120685098
109	0.02743911472	0.06070575276
110	0.02700595801	0.06020612448
111	0.02661553791	0.05969735318
112	0.02625629777	0.05927256717
113	0.02590164126	0.05886203697
114	0.02556750464	0.05841512575
115	0.02525740236	0.05801293656
116	0.02495745126	0.05764906959
117	0.02470064576	0.05733830473
118	0.02443725281	0.0569835879
119	0.02422421951	0.05663976874
120	0.02399643857	0.05629435956
121	0.02378749681	0.0560332424
122	0.02355804286	0.05571648519
123	0.02334944848	0.05543148035
124	0.02318733627	0.05516494677
125	0.02301138837	0.05492110875
126	0.02284571546	0.05459707441
127	0.02271773529	0.05431126082
128	0.02256907182	0.0540986233
129	0.02242300878	0.05388316879
130	0.02231243381	0.05364479494
131	0.02220559666	0.05336382544
132	0.02208699285	0.05318023483
133	0.02196114685	0.05295370903
134	0.02184965573	0.05275457159
135	0.02174075617	0.05257164351
136	0.02165898984	0.05233739458
137	0.02157620726	0.05218228279
138	0.02149546025	0.05203347303
139	0.02139167153	0.0518385198
140	0.02132811334	0.05170766719
141	0.02126612504	0.05150435566
142	0.02119646776	0.05134998004
143	0.02113190236	0.05118243159
144	0.02107266973	0.05106450534
145	0.02101684957	0.050942077
146	0.02096312368	0.05074241429
147	0.02089656519	0.05051292232
148	0.02084076188	0.05030554418
149	0.02077160191	0.05017580287
150	0.02072714273	0.05007207357
151	0.02069156941	0.04997481469
152	0.02063931739	0.04978174865
153	0.02058142202	0.04965019117
154	0.02054755188	0.04951310994
155	0.02051523368	0.04939181615
156	0.02047662373	0.0493055139
157	0.02044822718	0.04917940184
158	0.02040485174	0.04908652007
159	0.02037512443	0.04900319067
160	0.02031441431	0.04886844251
161	0.02028822513	0.04880111839
162	0.02026993424	0.04870174907
163	0.0202336755	0.04858434005
164	0.02019816141	0.0484991877
165	0.02017456292	0.04840075232
166	0.02014244536	0.04829476138
167	0.02012238286	0.04821901413
168	0.02007385773	0.04810611313
169	0.02004010358	0.04801803279
170	0.02002136301	0.04795582981
171	0.01999443467	0.04787070875
172	0.01997470253	0.04773230994
173	0.01995793382	0.04765084447
174	0.01993742886	0.04752532488
175	0.01990937033	0.047419295
176	0.01989668177	0.04734263998
177	0.01985368418	0.04726102617
178	0.01981805405	0.04716264174
179	0.01980857928	0.04710424946
180	0.01979502165	0.04704414597
181	0.01975492961	0.04696498652
182	0.0197408797	0.04690938077
183	0.01973130662	0.04682935466
184	0.01970288449	0.04678681436
185	0.01969095626	0.04672919364
186	0.01965261507	0.04664396454
187	0.01962656036	0.04656492204
188	0.01961726702	0.04650976258
189	0.01960649399	0.04644903706
190	0.01958192301	0.04638964267
191	0.01956423696	0.04626288975
192	0.01954698319	0.04614378449
193	0.01951696906	0.04605835706
194	0.01948025541	0.0460136317
195	0.01946806124	0.04591950446
196	0.01942831831	0.04585073747
197	0.01941856555	0.04579718436
198	0.01938808818	0.04571946883
199	0.01936715202	0.04565997432
200	0.0193578755	0.04559864592
201	0.01934587738	0.04554474436
202	0.0193364283	0.04549679666
203	0.01931905247	0.04543651902
204	0.01930664555	0.04538575043
205	0.01927929902	0.04532180363
206	0.01925803188	0.0452792825
207	0.01924469299	0.04518413501
208	0.01922224571	0.04513500848
209	0.01921350355	0.04509742164
210	0.01919984157	0.04499509572
211	0.01918549114	0.04488969441
212	0.01917518875	0.04483557829
213	0.01914413426	0.04479058385
214	0.01913143911	0.04475331887
215	0.01911682821	0.04467094695
216	0.0191089618	0.04459024862
217	0.01908065719	0.04452426737
218	0.01906629925	0.04447509284
219	0.01905008876	0.04442762436
220	0.01904062426	0.04437761483
221	0.01902082581	0.04432800841
222	0.01900492607	0.04427086686
223	0.0189960771	0.04422142832
224	0.0189808159	0.04412233488
225	0.0189523148	0.04407537817
226	0.01894018384	0.0440458625
227	0.01892851701	0.04400109337
228	0.01892112485	0.04396755963
229	0.0189093374	0.04386882869
230	0.01889925869	0.04380126376
231	0.01889276446	0.04376167924
232	0.0188833193	0.04368107066
233	0.01887147556	0.04364764837
234	0.01886001846	0.04358801257
235	0.01882989492	0.04353259028
236	0.01881698546	0.04349002563
237	0.01881051657	0.04346095595
238	0.01878940192	0.04340980148
239	0.01877633755	0.04335825162
240	0.01875305862	0.04330843282
241	0.01874378354	0.04323763625
242	0.0187324954	0.04313284216
243	0.01872158201	0.04310381322
244	0.01871384607	0.04306084201
245	0.01869237114	0.04303164332
246	0.01867069148	0.04298608856
247	0.01865226165	0.04293939026
248	0.018640546	0.04283524799
249	0.01863209268	0.04278049074
250	0.01861810412	0.04273524174
251	0.01861140599	0.0427040277
252	0.01860291008	0.04266241326
253	0.01858635578	0.04264318501
254	0.01857790861	0.04261941119
255	0.01856918072	0.04254619681
256	0.01854602534	0.04249908818
257	0.01853939422	0.04246763174
258	0.01852763768	0.04244323778
259	0.01850838411	0.04240639196
260	0.01849194629	0.04236091254
261	0.01848534038	0.04232948064
262	0.01847025534	0.0423074372
263	0.01846170636	0.04224892481
264	0.01845137321	0.04221990444
265	0.0184468186	0.04219599047
266	0.0184419912	0.04218160161
267	0.0184325303	0.04212588384
268	0.0184139733	0.04209976491
269	0.01840817421	0.04206116847
270	0.01840108015	0.04201760731
271	0.01839163506	0.04193373516
272	0.01837064479	0.04189739905
273	0.01836347138	0.04185386071
274	0.01834758237	0.04181030297
275	0.01833746414	0.04172063486
276	0.01833130908	0.04168737192
277	0.01831334536	0.04165870049
278	0.01830747653	0.04163563243
279	0.01829578552	0.04156177187
280	0.01828111531	0.04152263272
281	0.0182746255	0.04148803337
282	0.01826622982	0.04142442449
283	0.01824432025	0.04137919704
284	0.01823846754	0.04134483423
285	0.01823278323	0.04131247737
286	0.01822626171	0.04127207056
287	0.01821875863	0.04122309815
288	0.01820549041	0.04120312731
289	0.01819885304	0.04118380821
290	0.01819258517	0.0411501859
291	0.01817941793	0.04110568704
292	0.01816845104	0.04105061123
293	0.01815500516	0.04101313066
294	0.0181413007	0.04097664004
295	0.01813462865	0.04094687603
296	0.01812900196	0.04091789525
297	0.01812358865	0.04088955836
298	0.01811224484	0.04084284303
299	0.01810781274	0.04082479997
300	0.01808075061	0.04079829948
301	0.01806816257	0.0407650299
302	0.01805977403	0.04068680162
303	0.01804345492	0.04066516047
304	0.01802161551	0.04061620618
305	0.01801579551	0.0405799224
306	0.01801026533	0.04054590498
307	0.01799905505	0.04051712143
308	0.01798152772	0.04046987083
309	0.01797260522	0.04040011361
310	0.01796354694	0.04034696728
311	0.01795900408	0.04032223706
312	0.01794949689	0.04029428103
313	0.0179448797	0.04026434542
314	0.01793323676	0.04023102165
315	0.0179089524	0.04020447968
316	0.01789672577	0.04018098472
317	0.01788449825	0.04015864969
318	0.01786786608	0.0401154575
319	0.01786091854	0.04009356135
320	0.01784870248	0.04006302341
321	0.0178406913	0.0400437121
322	0.01781537205	0.04002134078
323	0.01780471982	0.03998625214
324	0.01780034238	0.03995874125
325	0.01778691611	0.03993228375
326	0.01777943342	0.03988456297
327	0.0177718448	0.03982696941
328	0.01776698332	0.03979878371
329	0.01774906961	0.03977774827
330	0.01774260263	0.03975756208
331	0.01773436225	0.03970488187
332	0.01772779459	0.039685825
333	0.0177151297	0.03965980883
334	0.01770665533	0.03961039734
335	0.01770217488	0.0395835015
336	0.01768685857	0.03955567258
337	0.01767751507	0.03953132196
338	0.01767305749	0.03950669938
339	0.0176679924	0.03947940771
340	0.01765750468	0.03945032642
341	0.01763389469	0.03941539574
342	0.01762925582	0.03939306672
343	0.01761570785	0.03937565308
344	0.01761253531	0.03935965679
345	0.0176028106	0.039279663
346	0.01758001833	0.03925846772
347	0.01757323602	0.03921686223
348	0.01756683561	0.03917804802
349	0.0175570282	0.03912751127
350	0.01754607094	0.03911220231
351	0.01753921141	0.03909346309
352	0.01753399758	0.03906896885
353	0.01752666304	0.0390245374
354	0.01752340602	0.03900981948
355	0.01751981426	0.03898525755
356	0.01751031566	0.03896703899
357	0.01750672657	0.03895236988
358	0.01749456776	0.03893537195
359	0.01748714065	0.03888952757
360	0.01748482176	0.03887565704
361	0.01748014372	0.03885155695
362	0.01747204201	0.03878147817
363	0.01746461875	0.0387200119
364	0.01745697489	0.03866901245
365	0.01745013931	0.03861333663
366	0.01744310513	0.03856707187
367	0.01743569784	0.03850523229
368	0.01742829516	0.03844373657
369	0.01742164377	0.0383887278
370	0.01741416077	0.03834013962
371	0.017408558	0.03829344706
372	0.0174033519	0.03825440498
373	0.01739697733	0.03821556277
374	0.01737224148	0.03819569795
375	0.01736275805	0.03817717214
376	0.01735308546	0.03816282508
377	0.01733786669	0.03813698612
378	0.01733337257	0.03811350966
379	0.01732894006	0.0380898184
380	0.01732479712	0.03806588239
381	0.01732097922	0.0380466289
382	0.0173172048	0.03802270295
383	0.01731142173	0.03797600273
384	0.01730293126	0.03796059001
385	0.01729637929	0.03794397266
386	0.01728644427	0.03792183011
387	0.01728352139	0.03790897457
388	0.01727673893	0.03785225729
389	0.01726981866	0.03782574889
390	0.01726140055	0.03781109964
391	0.01725316519	0.03779594421
392	0.01724915298	0.03777194911
393	0.01724454469	0.0377507452
394	0.01723815489	0.03770388464
395	0.01723429653	0.03767988776
396	0.01723287334	0.03766028131
397	0.01722602054	0.03764274047
398	0.01721285465	0.03762930911
399	0.01720834071	0.03760136685
400	0.0172014559	0.03757866782
401	0.01719387211	0.03756456548
402	0.01718657662	0.03754986607
403	0.01718019189	0.03751114179
404	0.01717753104	0.03749725883
405	0.01715495813	0.03747932969
406	0.01714829852	0.03743396198
407	0.0171414228	0.03738210169
408	0.01713681897	0.03735942255
409	0.01713229165	0.03732109888
410	0.01712625188	0.03727851799
411	0.01711831637	0.03723702308
412	0.01711149728	0.03717826013
413	0.01710746073	0.03715450221
414	0.01709921929	0.03711377415
415	0.01709326094	0.03708904877
416	0.01708954931	0.0370631363
417	0.01708241598	0.03704462701
418	0.01707428155	0.037030031
419	0.017071745	0.03701626387
420	0.01706564734	0.03696584812
421	0.01706140769	0.03694783381
422	0.01705345199	0.03693131006
423	0.01704695723	0.03691925174
424	0.01704314644	0.03690049055
425	0.01702231756	0.03688400243
426	0.01701527337	0.03686908091
427	0.01701049196	0.03684225371
428	0.01700396033	0.03680119945
429	0.01700303997	0.03678681346
430	0.01699685144	0.03674812461
431	0.01699134852	0.03671080338
432	0.01698445285	0.03667071211
433	0.01697696377	0.03662921343
434	0.01697285443	0.03661254265
435	0.0169670401	0.03657808931
436	0.01695395987	0.03654018762
437	0.01694741128	0.0365065123
438	0.01694012901	0.03644738929
439	0.01692541467	0.03642844378
440	0.01691816107	0.03641533958
441	0.01691288663	0.03640477642
442	0.01688498766	0.03637431508
443	0.01687268668	0.03634317271
444	0.01686673127	0.03630850187
445	0.01685934108	0.03628208675
446	0.01685301734	0.03626561586
447	0.01683055436	0.03624955291
448	0.01682556834	0.03622393803
449	0.01682232516	0.0362106333
450	0.01681599179	0.03616067734
451	0.01680987087	0.03611457932
452	0.0168063926	0.03610159168
453	0.01679906325	0.03606827313
454	0.01679358979	0.03602898028
455	0.01678417176	0.03600862701
456	0.01678076107	0.0359911355
457	0.01677255172	0.03592508898
458	0.01676518023	0.03585773501
459	0.01676241645	0.03583040102
460	0.0167594593	0.0358179954
461	0.01675533132	0.03578157324
462	0.01674663855	0.03572939537
463	0.01674231006	0.03570416969
464	0.01672560547	0.03567606654
465	0.01671878981	0.03565737935
466	0.01671334374	0.03562145032
467	0.01670727733	0.03558290109
468	0.01670268205	0.03557255832
469	0.0166745363	0.0355530207
470	0.0166700377	0.0355400419
471	0.01666967482	0.03553531952
472	0.01666087355	0.03551632954
473	0.01665604702	0.0354836231
474	0.01665084084	0.03545210843
475	0.01664018633	0.03543910184
476	0.01663386859	0.03538327715
477	0.01660733105	0.03536510779
478	0.01660161241	0.03535564395
479	0.0165969178	0.03532193799
480	0.01658601086	0.03528735438
481	0.01657918855	0.03523121287
482	0.01656840488	0.03522097873
483	0.01656397069	0.03521194668
484	0.01653800443	0.03519493373
485	0.01653427468	0.03517850167
486	0.01652443869	0.03516334692
487	0.01652125258	0.03514025817
488	0.01651698323	0.03510847949
489	0.01651665466	0.0351037675
490	0.01651044857	0.03504990978
491	0.01650584658	0.03501934684
492	0.01649970153	0.03496782173
493	0.01647521555	0.03494367747
494	0.01647020144	0.03492224194
495	0.01646225994	0.03490470293
496	0.01645851874	0.03488678256
497	0.01645465378	0.03485741254
498	0.01644890983	0.03480734181
499	0.01641745809	0.03478682783
500	0.01641186339	0.03475183952
501	0.0163884903	0.03473637001
502	0.01638448429	0.03472451868
503	0.01637691069	0.03470708828
504	0.01635828241	0.03464608773
505	0.01635165995	0.03460749265
506	0.01634631515	0.03458289097
507	0.01634183904	0.03455065867
508	0.01631989915	0.03453623437
509	0.01631531843	0.03449875354
510	0.0163092106	0.03447750688
511	0.01630505682	0.03444667698
512	0.01629940358	0.03441493605
513	0.01629439952	0.03440305202
514	0.01628932016	0.03437347469
515	0.01628312542	0.03433924234
516	0.01628125929	0.03432821093
517	0.01625953351	0.03431450635
518	0.01625554336	0.03429287365
519	0.01623793187	0.03423493962
520	0.01623615484	0.03422399692
521	0.01623166703	0.03419241984
522	0.01622847698	0.03417900354
523	0.01621219499	0.03412441679
524	0.01619850411	0.03411139669
525	0.01619475433	0.03409192353
526	0.0161909029	0.03408304272
527	0.01617957399	0.03407040023
528	0.01617728911	0.03405997292
529	0.01617201857	0.03404528397
530	0.0161676031	0.03401967175
531	0.01613868766	0.03400087761
532	0.01612295499	0.03394927151
533	0.01611704178	0.03390787752
534	0.01611270753	0.03388547169
535	0.01611074129	0.03387322617
536	0.01610571595	0.03384816762
537	0.0161026444	0.03383028223
538	0.01609650772	0.03382190427
539	0.01609307433	0.03380437378
540	0.01607908649	0.03377240869
541	0.01605520811	0.03375917403
542	0.01604825777	0.03371959336
543	0.01604460195	0.03370476117
544	0.01604109076	0.03367836078
545	0.01603657619	0.03365252905
546	0.0160170069	0.03364052749
547	0.01601413951	0.03362954597
548	0.01600469458	0.03362139208
549	0.01599975342	0.03359178785
550	0.01599519079	0.03355971686
551	0.01599164924	0.03354634817
552	0.01597451104	0.03353533784
553	0.0159742431	0.03353086345
554	0.01596120539	0.03350039363
555	0.0159571283	0.03347855337
556	0.0159535982	0.03346453128
557	0.01594968378	0.03343115758
558	0.01594779372	0.03341487907
559	0.01593608422	0.03338815559
560	0.01593006811	0.03335406242
561	0.01592851431	0.03334472345
562	0.01590206756	0.03332741634
563	0.01589798229	0.03330539482
564	0.01589348828	0.0332828248
565	0.01588962108	0.03327273021
566	0.01588272904	0.03323111358
567	0.01587798913	0.03322033791
568	0.01587386225	0.03319692485
569	0.01585922458	0.03317108132
570	0.0158578058	0.03316228216
571	0.01584966652	0.03313795153
572	0.01584607187	0.03311866418
573	0.01582406991	0.0331066584
574	0.01581990086	0.03308420725
575	0.01581674462	0.03306898076
576	0.0158020579	0.0330592073
577	0.01579940746	0.03305053344
578	0.01579426012	0.03301240863
579	0.015791498	0.03299944605
580	0.01578066158	0.03297762744
581	0.01577485602	0.03296990519
582	0.01577084597	0.03294664258
583	0.01576836444	0.03293562099
584	0.01576172729	0.03289740756
585	0.01574872914	0.03287891704
586	0.01574292	0.03284199379
587	0.01573992895	0.03282685679
588	0.0157214009	0.03281333199
589	0.01571737503	0.03278812299
590	0.01570137414	0.03277795497
591	0.01570081474	0.03277621257
592	0.01569564918	0.03274062112
593	0.01568608308	0.03271864216
594	0.01568102059	0.03268312792
595	0.01567511896	0.03265073028
596	0.01566779754	0.03263476986
597	0.01566740321	0.03262993647
598	0.01565388482	0.03261448175
599	0.01565041641	0.03259509886
600	0.01564689415	0.0325845153
601	0.01564193071	0.03255449972
602	0.01563746415	0.03252748634
603	0.0156322151	0.03250680548
604	0.01562921117	0.03249477669
605	0.01561063835	0.03248395239
606	0.01559897037	0.03247445272
607	0.01559519622	0.03244995837
608	0.01558162042	0.03242692474
609	0.01557747652	0.03241353211
610	0.01557130418	0.03237916515
611	0.01556887735	0.03236274781
612	0.01556514906	0.03234143581
613	0.0155558526	0.03232883474
614	0.01555391509	0.03231889316
615	0.01554406436	0.03229485309
616	0.01553591497	0.03227462546
617	0.01552735924	0.03226299188
618	0.01552197374	0.03223408271
619	0.01551700075	0.03220670283
620	0.01550559347	0.03217911992
621	0.01550116153	0.03216405817
622	0.0154969398	0.03215313691
623	0.01547599595	0.03214324095
624	0.01546984535	0.03212880397
625	0.01546369876	0.03209814257
626	0.01546151405	0.03208894437
627	0.01546133732	0.03208495485
628	0.01543833531	0.03207195921
629	0.01542894851	0.03205857394
630	0.015420756	0.0320474546
631	0.01541620342	0.0320229607
632	0.01540759202	0.03198626975
633	0.01540469071	0.03197250949
634	0.01540437816	0.0319681283
635	0.0153981296	0.03195017726
636	0.01539269393	0.03191381423
637	0.01538423967	0.03190636281
638	0.01537859152	0.03187735191
639	0.01537413825	0.03185097474
640	0.01536877081	0.03181658049
641	0.01536526724	0.03180534604
642	0.01536490637	0.03180095845
643	0.01536049128	0.03176529299
644	0.01534825393	0.03175128497
645	0.01534446319	0.03174061105
646	0.01534413803	0.03173634523
647	0.0153403047	0.03171739621
648	0.01533698563	0.03169430622
649	0.01533160446	0.03168354475
650	0.01531539189	0.03167235927
651	0.01531162471	0.03166491326
652	0.01531136532	0.03166082795
653	0.01528937272	0.03164991018
654	0.01528652345	0.03163642908
655	0.01528104814	0.03160591064
656	0.01527743633	0.03158739748
657	0.01526448961	0.03157107019
658	0.01525204046	0.03155982492
659	0.01524452321	0.03154943624
660	0.0152418138	0.03153452379
661	0.01522333701	0.03152457065
662	0.01521171631	0.03151659882
663	0.01521046559	0.03150869163
664	0.01521017117	0.03150457124
665	0.01520599742	0.03149689971
666	0.01520205024	0.03146292045
667	0.01519611172	0.03143048771
668	0.01519271956	0.03141028936
669	0.01518365475	0.03139835019
670	0.01517888906	0.03138509898
671	0.01517097609	0.03137817274
672	0.01515528702	0.03136851146
673	0.01515183454	0.03136106744
674	0.01514838844	0.03134422904
675	0.01514811296	0.03134020092
676	0.01514293701	0.03130753047
677	0.01513791694	0.03128109911
678	0.0151334416	0.03125765301
679	0.01512959573	0.03123718727
680	0.01512629063	0.03121588914
681	0.01511524116	0.03120072132
682	0.01511068483	0.0311779184
683	0.0150965091	0.03116905456
684	0.01509299313	0.03116305488
685	0.01508933669	0.03114495878
686	0.01508265336	0.03113548719
687	0.01508015073	0.0311292381
688	0.01507708354	0.03111318535
689	0.01505482456	0.03109997997
690	0.01504775256	0.03109354236
691	0.01504517579	0.03108512123
692	0.01504488275	0.03108109446
693	0.01502601525	0.0310719401
694	0.0150229477	0.03105214004
695	0.01501917113	0.03102331378
696	0.01501497636	0.03099520674
697	0.01501183143	0.03097604259
698	0.01500831754	0.03096827759
699	0.01500803801	0.03096435159
700	0.01500548045	0.03095114191
701	0.01499081084	0.0309429603
702	0.01498540664	0.03091088706
703	0.01498050016	0.03088758533
704	0.01497681827	0.03085995398
705	0.01497353058	0.03085266352
706	0.014973251	0.03084882432
707	0.01497136293	0.03083716817
708	0.01496839398	0.03082852572
709	0.01495769504	0.03081563379
710	0.0149485358	0.03079972084
711	0.01494536673	0.03078286107
712	0.01494002053	0.03075472991
713	0.01493684015	0.03073795102
714	0.01493177028	0.03072115641
715	0.01492876032	0.03071229807
716	0.01491713335	0.03069739611
717	0.01491293754	0.03066341793
718	0.01490904966	0.03064373677
719	0.01490581897	0.03062755728
720	0.0148945229	0.0306204144
721	0.01489074773	0.03059542396
722	0.01488739965	0.03058029679
723	0.01488136641	0.03056260993
724	0.01486109494	0.03055046024
725	0.01484845633	0.03053627141
726	0.01484283772	0.03052688821
727	0.01482760472	0.03051748757
728	0.01482086882	0.03049705552
729	0.01481705863	0.03047192522
730	0.01481393602	0.03045128694
731	0.01480339639	0.03043926307
732	0.01479913236	0.03042767913
733	0.01479321717	0.03041936589
734	0.01477801202	0.03041154419
735	0.01476448077	0.0304036978
736	0.01475887416	0.030387427
737	0.01475387813	0.03037801959
738	0.01475161092	0.03037083461
739	0.01473453347	0.03036046399
740	0.01473302223	0.03035131245
741	0.01473049068	0.03034498505
742	0.01472773839	0.03033894614
743	0.01472332756	0.03033134109
744	0.01471809124	0.03030503057
745	0.01471249133	0.03029936479
746	0.0147087023	0.03028004032
747	0.0147062917	0.03027214092
748	0.01469993449	0.03026072002
749	0.01468449337	0.03025178345
750	0.01467133187	0.03024396228
751	0.01466935926	0.03023382185
752	0.01466564242	0.03021475691
753	0.01466079857	0.03020715479
754	0.0146562426	0.03017692013
755	0.01465419167	0.03016549009
756	0.01464822025	0.03012964234
757	0.01464518074	0.03011797843
758	0.01464215286	0.03011066005
759	0.01463595394	0.03010069453
760	0.01463323754	0.03009242252
761	0.01463097544	0.03008078602
762	0.01462884257	0.03007298882
763	0.01462618415	0.03006308073
764	0.01462323613	0.03004585471
765	0.01461932211	0.03001822889
766	0.01461656541	0.0300055995
767	0.01460788843	0.02999829323
768	0.01460227789	0.02998247751
769	0.01459834404	0.0299706791
770	0.01459554195	0.0299654739
771	0.01459293165	0.02995977496
772	0.01459065407	0.02995047069
773	0.01458780444	0.02993924623
774	0.01458584068	0.02993044029
775	0.01458360982	0.0299186966
776	0.01457864587	0.02990511689
777	0.01457312375	0.02989996821
778	0.01457073022	0.02989428235
779	0.01456760694	0.029884355
780	0.01455965738	0.02987183428
781	0.01455685536	0.02986358499
782	0.01455318859	0.02983753994
783	0.01453767145	0.02982814583
784	0.01453369922	0.02981041185
785	0.01453144751	0.02980100488
786	0.01452819056	0.02978516533
787	0.01452575298	0.02977691127
788	0.01452254783	0.02975449678
789	0.01451822244	0.02974483188
790	0.01451545727	0.02973134196
791	0.01449947922	0.02972038605
792	0.01449614725	0.02970353076
793	0.01448666386	0.02969036956
794	0.01447864014	0.02968373396
795	0.01446447741	0.02967349602
796	0.01446172288	0.02966646932
797	0.01445631931	0.0296319948
798	0.01445374658	0.02961394899
799	0.01445086935	0.02960162914
800	0.01443084413	0.02959057226
801	0.01442661581	0.02958336711
802	0.01441853475	0.02956616515
803	0.0144163815	0.02955049075
804	0.01440206458	0.02954202458
805	0.01438697167	0.02953466297
806	0.01438450977	0.02952320567
807	0.01437576314	0.02950769273
808	0.01437122646	0.02948533128
809	0.01436361688	0.02947358604
810	0.0143609527	0.02946150455
811	0.01435900738	0.02945171427
812	0.01435097175	0.02943752389
813	0.01434739335	0.02942049637
814	0.01433960989	0.02941037479
815	0.01432338605	0.02940083931
816	0.01432101073	0.02938592572
817	0.01431862714	0.02937603543
818	0.014316301	0.02936510143
819	0.01431403464	0.02935995492
820	0.01430937695	0.0293552024
821	0.01430698042	0.02934652831
822	0.01430392207	0.02932942061
823	0.01430066076	0.02931371174
824	0.01429806806	0.02930346205
825	0.01429593154	0.02929471137
826	0.01429346599	0.02928649997
827	0.01428251573	0.02926418475
828	0.01428024336	0.02925560776
829	0.01427657858	0.02923065056
830	0.01427364651	0.02920764939
831	0.01427109146	0.02919262706
832	0.01426720239	0.02917481821
833	0.01426427429	0.02915575262
834	0.01426002149	0.02914936337
835	0.01425699452	0.02913441158
836	0.01425422554	0.02912256705
837	0.01425101643	0.02910697084
838	0.01423645057	0.02909843299
839	0.01423384446	0.02908065819
840	0.01422955432	0.0290742109
841	0.01421906417	0.02906867731
842	0.01421740465	0.02905663312
843	0.01421410146	0.02904420388
844	0.01420995444	0.02902511063
845	0.01420716715	0.02901171877
846	0.01420525035	0.02900092795
847	0.0142033131	0.02899368123
848	0.01420194921	0.02898397339
849	0.01419874642	0.02896892026
850	0.01419475573	0.02894288608
851	0.01419219657	0.02893343381
852	0.01418962445	0.02892037847
853	0.01418655871	0.0289004835
854	0.01418369264	0.02888768465
855	0.01418091383	0.02886552225
856	0.01416595112	0.02885734364
857	0.01416118497	0.02885279314
858	0.01415832746	0.02884038624
859	0.01415423258	0.02881676521
860	0.01415242162	0.02880628435
861	0.01414955972	0.02878792644
862	0.01414835588	0.02877703572
863	0.01414671353	0.02876579204
864	0.01413984764	0.02875446201
865	0.01413755887	0.028748434
866	0.01413336135	0.02873552965
867	0.01413127883	0.02873066322
868	0.01412739075	0.02872468438
869	0.01411671397	0.02871562111
870	0.01411276057	0.02870310723
871	0.01409961747	0.02869526259
872	0.01409659972	0.02868427644
873	0.01409385722	0.02866779907
874	0.0140907242	0.02865106163
875	0.01407955939	0.02864380987
876	0.01407637313	0.02863482504
877	0.01407439764	0.02862390688
878	0.01406707583	0.02861140312
879	0.01405997781	0.02860057945
880	0.01405663892	0.02858431034
881	0.01405372527	0.02857211921
882	0.01403923026	0.02856247444
883	0.01403712546	0.02854612208
884	0.01403455958	0.02852953083
885	0.01403335767	0.02852065794
886	0.01403029051	0.02851071097
887	0.01402818713	0.02850080841
888	0.01402505952	0.02848470463
889	0.01402169508	0.02847034387
890	0.01401637818	0.0284328215
891	0.01401157562	0.02840353892
892	0.01400830157	0.02839855951
893	0.01400422156	0.02837888594
894	0.01400030918	0.02835929805
895	0.01399771713	0.02834991521
896	0.01399248537	0.02831442837
897	0.01399031734	0.02829521637
898	0.01398732868	0.02828423028
899	0.0139843224	0.02826235652
900	0.0139803087	0.02823717049
901	0.01397668802	0.02821442013
902	0.01396330738	0.02820697613
903	0.01395617668	0.02820077115
904	0.01395360484	0.02818940156
905	0.01395097566	0.02817082857
906	0.01394764394	0.02816552659
907	0.01393448766	0.02815787838
908	0.01392311962	0.02815084209
909	0.01391015687	0.02814359494
910	0.0139070537	0.02813888751
911	0.01390445233	0.02813162659
912	0.01390196282	0.0281259897
913	0.01389890371	0.02810701082
914	0.01389634747	0.02809241204
915	0.01389365689	0.02807537573
916	0.01389043603	0.02806075253
917	0.01389023127	0.02805725098
918	0.01387975559	0.02805086736
919	0.01387795643	0.02803988439
920	0.01387491298	0.02802262996
921	0.01387315526	0.0280082451
922	0.01386313957	0.02800270492
923	0.0138588488	0.02799212072
924	0.01385201231	0.02798239624
925	0.01384974762	0.02797093527
926	0.01383570234	0.02796327032
927	0.01383303087	0.02794748609
928	0.01383168216	0.02794214768
929	0.01382332395	0.0279369482
930	0.01382040493	0.02792937862
931	0.01381779275	0.02791920524
932	0.01381354034	0.02790890453
933	0.01380716889	0.02789923131
934	0.01380385294	0.02788424552
935	0.01380073513	0.02787794769
936	0.01379289971	0.02787314407
937	0.01379030874	0.02786028253
938	0.01378822928	0.02785033567
939	0.01378468271	0.02784032535
940	0.01377790995	0.0278290316
941	0.01377536592	0.0278247125
942	0.01377308626	0.0278176675
943	0.01377084154	0.02781304148
944	0.01376737464	0.02778939716
945	0.01376094783	0.02778124949
946	0.01375814222	0.02776637758
947	0.01375478117	0.02775385894
948	0.01375208913	0.02774361839
949	0.01374758794	0.02773745465
950	0.01374034175	0.02770740055
951	0.01373800571	0.02769151368
952	0.01373611356	0.02768696881
953	0.01372185383	0.02767902242
954	0.0137183009	0.02767402611
955	0.01370370771	0.02766595635
956	0.01370113987	0.02765945373
957	0.01369186164	0.02765258868
958	0.01368845335	0.02764371887
959	0.01368646371	0.02763002355
960	0.01367993709	0.02762490806
961	0.01367830978	0.0276137694
962	0.01367557588	0.02760103799
963	0.01367383049	0.02758810199
964	0.01367218338	0.02757574057
965	0.01366209675	0.02756997305
966	0.01365909193	0.02755904101
967	0.01365709511	0.0275509836
968	0.01365311077	0.02754154129
969	0.0136516993	0.02753370445
970	0.01364296218	0.02752804176
971	0.01363999698	0.02752228713
972	0.01363717559	0.02751218894
973	0.01363601994	0.02750103367
974	0.01363153828	0.02748289958
975	0.013628006	0.0274628036
976	0.01362589176	0.02745606693
977	0.01362414187	0.02744440195
978	0.01361761228	0.0274349887
979	0.01361328185	0.02741482876
980	0.01361043893	0.0274026296
981	0.01360703641	0.02738129052
982	0.01360412107	0.02735910619
983	0.01360085874	0.0273390388
984	0.01359264497	0.02733374552
985	0.01358818326	0.02731186795
986	0.01357979874	0.02730105471
987	0.01357482255	0.02729456816
988	0.01356380251	0.02728858019
989	0.0135528698	0.02728241516
990	0.01355140312	0.02727002967
991	0.01354496241	0.02725878054
992	0.01354202479	0.02724717874
993	0.01353024949	0.02724013262
994	0.01352906295	0.02723208895
995	0.01352797	0.02722672019
996	0.01352209288	0.02721980195
997	0.01351955856	0.0272095742
998	0.01351793296	0.02718281621
999	0.01351454902	0.02717238887
1000	0.01351193394	0.02715697123
1001	0.01351034474	0.02714899773
1002	0.01350700441	0.02712999893
1003	0.01350432701	0.02712062773
1004	0.01350211732	0.02710584413
1005	0.01349422612	0.02709784827
1006	0.01348986745	0.02709135579
1007	0.01348811335	0.02708397467
1008	0.01348484721	0.02706949428
1009	0.01348257755	0.0270554184
1010	0.0134797519	0.02704384869
1011	0.01347769175	0.02703043685
1012	0.01347582984	0.02701640691
1013	0.01347347619	0.02701017256
1014	0.01347175482	0.02700433599
1015	0.01346795213	0.02698088534
1016	0.01346332727	0.02697495319
1017	0.0134606982	0.02696549802
1018	0.01345930523	0.02696009671
1019	0.01345630226	0.02695160139
1020	0.01345371286	0.02694095718
1021	0.01344977937	0.02693502601
1022	0.01344962427	0.02693181897
1023	0.01344741505	0.02692239905
1024	0.01344573751	0.02691499048
1025	0.01344262676	0.0269062843
1026	0.01344131466	0.02690020864
1027	0.01343859756	0.02689448724
1028	0.01343618242	0.02688542525
1029	0.01342837761	0.0268727499
1030	0.0134194324	0.02684446694
1031	0.01341539873	0.02683944947
1032	0.01341318649	0.02682634662
1033	0.01341102113	0.02682275038
1034	0.0134039878	0.02681833748
1035	0.01339464401	0.02680962666
1036	0.01339295823	0.0268043582
1037	0.01339197926	0.026794608
1038	0.0133896841	0.0267868759
1039	0.0133871711	0.02677910127
1040	0.01338484754	0.02676489428
1041	0.01338170845	0.02675080677
1042	0.01337949876	0.02673766674
1043	0.01337765116	0.02672493267
1044	0.01337566782	0.02671438797
1045	0.01337354424	0.02670081581
1046	0.01337173955	0.02669183005
1047	0.01336984826	0.0266816985
1048	0.01336442451	0.02667530452
1049	0.01335792304	0.02666810756
1050	0.01334870872	0.02665987844
1051	0.01333775053	0.02665375142
1052	0.01332476578	0.02664649653
1053	0.01332248754	0.02664264085
1054	0.01331956424	0.02663447381
1055	0.01331210293	0.02662648687
1056	0.01330889198	0.02661353732
1057	0.01330654549	0.02660294504
1058	0.01330376183	0.02659304798
1059	0.01330079598	0.02658088043
1060	0.0132974289	0.02656657704
1061	0.01329462986	0.0265547941
1062	0.01328389087	0.02654839993
1063	0.01328232814	0.02654540031
1064	0.01327899193	0.02653294617
1065	0.01327806793	0.02652665035
1066	0.01327689054	0.02651752653
1067	0.01327397276	0.02650491668
1068	0.0132720009	0.02649680287
1069	0.01326926701	0.02648498361
1070	0.013266542	0.02647563554
1071	0.01326528472	0.02647030872
1072	0.01325858294	0.02646078099
1073	0.01325639773	0.02644837944
1074	0.0132465676	0.02643656086
1075	0.01324481671	0.02642716754
1076	0.01324314007	0.02641745686
1077	0.01324088974	0.02640575408
1078	0.01323895944	0.02639706707
1079	0.01323417676	0.02639163307
1080	0.01323164534	0.02638436342
1081	0.01322968234	0.02637623111
1082	0.01322735328	0.02636714504
1083	0.01322521897	0.02635713014
1084	0.01322389742	0.02635044628
1085	0.01322108453	0.0263388902
1086	0.01321953573	0.02633130365
1087	0.01321661855	0.02631880787
1088	0.0132071753	0.02631389967
1089	0.01320525217	0.02630828338
1090	0.0132002069	0.02630219101
1091	0.0131989054	0.02629414509
1092	0.01319580463	0.02628826907
1093	0.01319395959	0.02628186161
1094	0.01319248856	0.02625688661
1095	0.01319077398	0.02624620125
1096	0.01318293346	0.0262386746
1097	0.01318115633	0.0262306802
1098	0.01317940187	0.02622497002
1099	0.01317796389	0.02621684334
1100	0.01317480801	0.02620294414
1101	0.01317040203	0.02618500164
1102	0.01316062651	0.02617962428
1103	0.01315849273	0.02617622832
1104	0.01315643307	0.02616747961
1105	0.01315021784	0.02616166548
1106	0.01314844621	0.02615771821
1107	0.01314473159	0.02614120904
1108	0.01314095431	0.02612711891
1109	0.01313912638	0.02612402518
1110	0.01313664703	0.02611708771
1111	0.01312928442	0.02611325199
1112	0.01312750356	0.02609933502
1113	0.01312507678	0.02609141729
1114	0.01311976429	0.02607542655
1115	0.01311752664	0.02606592627
1116	0.01311582088	0.02606145816
1117	0.01311410788	0.02605340751
1118	0.01311161436	0.02604020561
1119	0.01310892624	0.02603356328
1120	0.01310814128	0.02602798933
1121	0.01310641544	0.02602090367
1122	0.01310377594	0.02601052081
1123	0.01310181504	0.02600448443
1124	0.01310024988	0.02599835509
1125	0.01309871228	0.0259896785
1126	0.01309709066	0.02598596131
1127	0.01309614339	0.02597807886
1128	0.01309274344	0.02596321418
1129	0.01309120969	0.02595957462
1130	0.0130834858	0.02593444723
1131	0.01307803257	0.02592846128
1132	0.01307694469	0.02591991851
1133	0.01307364763	0.02590064007
1134	0.01307103582	0.02589638358
1135	0.01306812869	0.02588943552
1136	0.01306656004	0.02588428738
1137	0.01305123777	0.0258770727
1138	0.01304626799	0.02587129902
1139	0.01304304456	0.02585266885
1140	0.01304139662	0.02584405397
1141	0.01303719426	0.02582704517
1142	0.01303522458	0.02581626655
1143	0.0130337539	0.02581194391
1144	0.01303115285	0.02580729518
1145	0.01302786388	0.02578881505
1146	0.01302611184	0.0257788437
1147	0.01302345453	0.02577083951
1148	0.01302019615	0.02575286848
1149	0.01301563265	0.02574754325
1150	0.01301447617	0.02574080807
1151	0.01301114065	0.0257358776
1152	0.01300337027	0.02572785211
1153	0.01299661964	0.02572428827
1154	0.01299454009	0.02571654852
1155	0.01299269592	0.02570877914
1156	0.01299165812	0.02570047897
1157	0.01298511663	0.0256959678
1158	0.01298333551	0.02569216079
1159	0.01298048962	0.02568652088
1160	0.01297716843	0.02568081599
1161	0.01297422951	0.02567014004
1162	0.01297204763	0.02566004993
1163	0.01296996302	0.02565222513
1164	0.01296698481	0.02563883048
1165	0.0129641525	0.02562675457
1166	0.0129605849	0.02562017176
1167	0.01295892165	0.02560340108
1168	0.01295706889	0.02559785662
1169	0.01295151275	0.02559040827
1170	0.01294800618	0.02557288814
1171	0.0129452981	0.02555673852
1172	0.01294381391	0.0255444125
1173	0.0129418276	0.02553984872
1174	0.012939664	0.02553613497
1175	0.01292688696	0.02552874566
1176	0.01292518859	0.0255258691
1177	0.01292086675	0.02552152363
1178	0.01291850539	0.02551457863
1179	0.01291707345	0.02550722153
1180	0.01291549776	0.02550309137
1181	0.01290393788	0.02549572267
1182	0.01290263772	0.02548838222
1183	0.01290197031	0.02548342829
1184	0.01289943903	0.02546778283
1185	0.01289859563	0.02546092034
1186	0.01289284783	0.02545723185
1187	0.01289061747	0.02545168858
1188	0.01288976853	0.02544407859
1189	0.01288187959	0.02543873068
1190	0.01288118281	0.02543494895
1191	0.01287963598	0.02543199124
1192	0.01287805991	0.02542462365
1193	0.01287562633	0.02541375607
1194	0.01286887364	0.0254085485
1195	0.01286723257	0.02540160995
1196	0.01286417975	0.02538807125
1197	0.01286210472	0.02538220641
1198	0.01285661046	0.02537304157
1199	0.01285023945	0.02536973481
1200	0.01284786484	0.02536001361
1201	0.01284646576	0.02535142234
1202	0.01284468296	0.02534605327
1203	0.01284201023	0.02533527629
1204	0.01284084025	0.02533301165
1205	0.01283940593	0.02532482189
1206	0.01282577642	0.02531652869
1207	0.01282383292	0.02531132196
1208	0.01281756056	0.0253074022
1209	0.01281590873	0.025298074
1210	0.0128146067	0.0252889208
1211	0.01281212031	0.02528400376
1212	0.01280800566	0.02527834605
1213	0.01280167696	0.02527424016
1214	0.01280000627	0.02526502499
1215	0.01279803632	0.025254662
1216	0.012796741	0.02525152582
1217	0.01278958086	0.02522815717
1218	0.01277926681	0.025222685
1219	0.01277761273	0.02521469275
1220	0.01277269891	0.02521008831
1221	0.01276458027	0.02520605758
1222	0.01276234281	0.02519771656
1223	0.01275677257	0.02519420537
1224	0.01275507939	0.02518829013
1225	0.01274473951	0.02518267678
1226	0.01273340381	0.02517637495
1227	0.01272759101	0.02517337379
1228	0.01272586358	0.02516631161
1229	0.01272428058	0.02516152502
1230	0.012719585	0.02515488218
1231	0.01271538494	0.02515152585
1232	0.01271394597	0.02514746113
1233	0.01271274437	0.02513917027
1234	0.0127114592	0.02513231028
1235	0.01270466939	0.02512584276
1236	0.01270054764	0.02511997287
1237	0.0126989881	0.02511249843
1238	0.01269841342	0.02510598548
1239	0.01269610558	0.02509444782
1240	0.01269348943	0.02508217665
1241	0.01267876931	0.02507491567
1242	0.0126760535	0.02506019201
1243	0.01267420317	0.02505426413
1244	0.01267206896	0.02504531904
1245	0.01266913498	0.02503939723
1246	0.01266764218	0.02503490104
1247	0.01266469824	0.02503070626
1248	0.01265959102	0.02502598319
1249	0.0126584299	0.02501762142
1250	0.01265727538	0.02501259726
1251	0.01265555091	0.0250037409
1252	0.01265438577	0.02499553062
1253	0.01265168644	0.02498962841
1254	0.01264960968	0.02498485414
1255	0.01264258213	0.02497928034
1256	0.0126407817	0.02496858784
1257	0.0126398962	0.02496173937
1258	0.01263815062	0.02495780036
1259	0.01263672693	0.02495419695
1260	0.0126346186	0.02494859966
1261	0.0126334379	0.02494154519
1262	0.0126316652	0.0249383894
1263	0.01261911322	0.02493084145
1264	0.01261628532	0.02492624279
1265	0.0126152896	0.02491909021
1266	0.01261362927	0.02491596233
1267	0.01261175202	0.02491162945
1268	0.01261020555	0.02490374613
1269	0.01260731234	0.02488833704
1270	0.01260585715	0.02487926454
1271	0.01260482266	0.02487475051
1272	0.01259387808	0.02486875952
1273	0.01258914693	0.02486453963
1274	0.01257977269	0.02485947363
1275	0.01257775056	0.02484917517
1276	0.01257472433	0.02483294204
1277	0.01257305445	0.02482814918
1278	0.01257126977	0.02482107121
1279	0.01256982501	0.02481763399
1280	0.01256513451	0.02481458106
1281	0.01256378707	0.02481093463
1282	0.01256085572	0.02480432448
1283	0.01255956711	0.02479766287
1284	0.01255389835	0.02479230166
1285	0.01255196794	0.02478682554
1286	0.01255061085	0.02478351702
1287	0.01254952197	0.02477908563
1288	0.01254834133	0.02477120372
1289	0.01254531549	0.02475615037
1290	0.01254245462	0.0247421643
1291	0.01254032003	0.02473436053
1292	0.01253898262	0.02472929886
1293	0.01253727547	0.02471980677
1294	0.01253651551	0.02471339515
1295	0.01253531606	0.0247093835
1296	0.01253262198	0.02470564657
1297	0.01253108562	0.0246955286
1298	0.01252881394	0.0246917624
1299	0.01252738754	0.02467950242
1300	0.01252580043	0.02467591767
1301	0.01252331717	0.02467173929
1302	0.01252174509	0.02466771961
1303	0.01252045662	0.02466323804
1304	0.01250901284	0.02465594986
1305	0.01250834627	0.02465003565
1306	0.01249622454	0.02464243271
1307	0.01249355548	0.02463008947
1308	0.01249169976	0.02462107127
1309	0.01248287066	0.02461589476
1310	0.01247386094	0.02461121808
1311	0.01247219116	0.02460164547
1312	0.0124710564	0.02459753381
1313	0.01246958768	0.02459313712
1314	0.01246868807	0.02458566241
1315	0.01246692078	0.02458192003
1316	0.01246468013	0.02457175987
1317	0.01246263603	0.0245613305
1318	0.01246073841	0.02455604535
1319	0.0124593626	0.0245479457
1320	0.01245547778	0.02453491836
1321	0.01245399745	0.02453138919
1322	0.01244750253	0.02450949989
1323	0.01244592131	0.0245031641
1324	0.01244423396	0.02448387182
1325	0.01244164606	0.02447484525
1326	0.01243845153	0.02446673295
1327	0.01243557425	0.02446331588
1328	0.01242612913	0.02445808661
1329	0.01242396308	0.02444209892
1330	0.01242129331	0.02443001262
1331	0.0124191033	0.02441943458
1332	0.01241631038	0.02441449698
1333	0.0124141621	0.02440669639
1334	0.01241187249	0.02439691451
1335	0.01240916709	0.02438267745
1336	0.01240646514	0.02436672493
1337	0.01240512389	0.02436010051
1338	0.0124031354	0.02435528029
1339	0.01240178641	0.02435083719
1340	0.0123993802	0.02434307144
1341	0.01239815009	0.02433679708
1342	0.01239576854	0.02432376276
1343	0.01239479714	0.02431993668
1344	0.01239132276	0.02431307436
1345	0.01239029368	0.02429885496
1346	0.01238775124	0.02429320727
1347	0.01238376512	0.02428917057
1348	0.01238203377	0.02428192449
1349	0.01237981751	0.02427550463
1350	0.01237772707	0.02426834352
1351	0.01237626189	0.02426127618
1352	0.01237381804	0.02424971034
1353	0.01237156112	0.02423779489
1354	0.01237023496	0.02423372193
1355	0.01236168522	0.02421691039
1356	0.01235532396	0.02421224266
1357	0.01235251111	0.02420907744
1358	0.01235102305	0.02420511378
1359	0.0123471275	0.02419965224
1360	0.01234451407	0.02418631683
1361	0.01234219209	0.02418252142
1362	0.01233509379	0.02417637228
1363	0.0123322422	0.0241718368
1364	0.01232784463	0.02416910276
1365	0.01231592704	0.02416364302
1366	0.01231507688	0.02415507427
1367	0.01231371707	0.02415263083
1368	0.01231188504	0.02414830624
1369	0.01231059312	0.02414348572
1370	0.01230935938	0.02414075638
1371	0.01230481349	0.02413546026
1372	0.01230157697	0.02413167247
1373	0.01229580237	0.02412702356
1374	0.01229426765	0.02412236003
1375	0.0122928417	0.02411628194
1376	0.01229158894	0.0241075226
1377	0.01229077451	0.02410230321
1378	0.0122848854	0.02409749486
1379	0.01228360051	0.02408112948
1380	0.01228182044	0.02407456279
1381	0.01228106773	0.02406840172
1382	0.01227955481	0.02406132812
1383	0.01227857885	0.02405431254
1384	0.01227728094	0.02404433869
1385	0.01227592604	0.02403640814
1386	0.01227449514	0.02403414776
1387	0.0122633699	0.02402765453
1388	0.01226249543	0.02401962525
1389	0.01226185052	0.0240169719
1390	0.01225962348	0.024013221
1391	0.01225609333	0.02400838302
1392	0.01225037537	0.02400264136
1393	0.01224920016	0.02399722947
1394	0.01224807024	0.02398847452
1395	0.0122455104	0.02397555974
1396	0.0122446773	0.02396892829
1397	0.01224375078	0.0239656725
1398	0.01224225494	0.02395990576
1399	0.01224029921	0.02394884911
1400	0.01223861293	0.02394190592
1401	0.01223753446	0.02393371815
1402	0.01223675907	0.02392792993
1403	0.0122357794	0.02392520369
1404	0.01223147612	0.02392044441
1405	0.01222971462	0.0239149254
1406	0.01221934944	0.02390941584
1407	0.01221839826	0.02390511954
1408	0.01221683178	0.02389660371
1409	0.01221570773	0.02388928726
1410	0.01221431641	0.0238828052
1411	0.01221311885	0.02387681321
1412	0.01220415326	0.02387206826
1413	0.01220331359	0.02386655724
1414	0.01220269584	0.02386324563
1415	0.0121996532	0.02385991591
1416	0.01219868533	0.02385508779
1417	0.0121979633	0.02384984532
1418	0.01219704598	0.02384498018
1419	0.01219592694	0.02384043517
1420	0.01219447103	0.02383310588
1421	0.01219317816	0.02382915281
1422	0.01219177216	0.02382354569
1423	0.01219023393	0.02381837257
1424	0.0121887276	0.02381054705
1425	0.01218729018	0.02380663422
1426	0.0121854284	0.02379943271
1427	0.01218346973	0.02379123643
1428	0.01218158017	0.02377821774
1429	0.01217597374	0.02377469085
1430	0.01217434015	0.02376618279
1431	0.01217287865	0.02375138681
1432	0.01217066045	0.02374551218
1433	0.01216862571	0.02373010338
1434	0.01216643521	0.0237214294
1435	0.01216484257	0.02371463098
1436	0.01216365154	0.02370893453
1437	0.01216292001	0.02370404331
1438	0.0121622037	0.02369916566
1439	0.01216063636	0.02369322583
1440	0.01215941716	0.02368713598
1441	0.01215827828	0.02368109612
1442	0.01215734629	0.02367604849
1443	0.0121558574	0.02366828226
1444	0.01215181267	0.02364312179
1445	0.01214543305	0.02363826526
1446	0.01214236648	0.02361605277
1447	0.01214148213	0.02361192129
1448	0.01213977623	0.02360549501
1449	0.01213735344	0.02359469465
1450	0.01213433603	0.02358703652
1451	0.01213293713	0.02358001367
1452	0.01212392538	0.0235749212
1453	0.01212279005	0.02357114647
1454	0.01212159045	0.02356620473
1455	0.0121201808	0.02356133307
1456	0.01211571035	0.0235576373
1457	0.0121099434	0.02353753125
1458	0.01209873627	0.02353115565
1459	0.01209770485	0.02352600294
1460	0.01209638063	0.023517637
1461	0.01209510205	0.02351422243
1462	0.01209300948	0.02350713423
1463	0.0120912291	0.02349713464
1464	0.01209013131	0.02349341204
1465	0.01208930587	0.02348923024
1466	0.0120881942	0.02348607505
1467	0.01208519275	0.02347257816
1468	0.01208326566	0.02347016924
1469	0.01208118073	0.02346594814
1470	0.01207849537	0.02346051972
1471	0.0120769541	0.0234545671
1472	0.01207395766	0.02344890117
1473	0.01207211946	0.02344355183
1474	0.01207034075	0.02343486071
1475	0.01206838807	0.02342666946
1476	0.01206697002	0.02342379134
1477	0.01206560317	0.02341924167
1478	0.01206340302	0.02341039172
1479	0.01206284079	0.02340443094
1480	0.01206034285	0.02339114861
1481	0.01205859888	0.02338063581
1482	0.01205704303	0.02337358666
1483	0.01205569906	0.02336989371
1484	0.0120548843	0.02336505668
1485	0.01205362546	0.02336015728
1486	0.01205189908	0.02335380654
1487	0.0120507702	0.02334802248
1488	0.01204987079	0.02334186039
1489	0.01204860737	0.02333711437
1490	0.01204665242	0.02333073391
1491	0.01204367387	0.02331801233
1492	0.01203956556	0.02331538409
1493	0.01203838437	0.0233066693
1494	0.01203738579	0.02330050147
1495	0.01202998724	0.02329602161
1496	0.01202920468	0.02328904298
1497	0.01202801216	0.02328165238
1498	0.01202074044	0.02327852437
1499	0.01201751142	0.023273975
1500	0.01201645382	0.02326999934
1501	0.01201396565	0.02326291087
1502	0.01201256595	0.02326019508
1503	0.0120106815	0.02324953759
1504	0.01200863822	0.0232422376
1505	0.01200656878	0.02323554401
1506	0.01200557269	0.02322959214
1507	0.01200445645	0.02322306548
1508	0.01200261425	0.02321412293
1509	0.01200151078	0.02320901311
1510	0.01200028911	0.02320434014
1511	0.01199805964	0.02319840478
1512	0.01199630865	0.02319122993
1513	0.01199457952	0.02318292228
1514	0.01199361573	0.02317919877
1515	0.01199164316	0.02317184676
1516	0.0119901181	0.02316343393
1517	0.01198882167	0.0231570768
1518	0.01198757232	0.02315500975
1519	0.01198571656	0.0231481371
1520	0.01198405975	0.02314387542
1521	0.01197978424	0.02314032712
1522	0.0119793619	0.02313646103
1523	0.01197569533	0.02313309178
1524	0.01196516001	0.0231271229
1525	0.01195231793	0.02311972377
1526	0.01194633512	0.02311631277
1527	0.01194219582	0.02311209968
1528	0.01193616648	0.02310847274
1529	0.01193433256	0.0231003671
1530	0.01193366951	0.02309668295
1531	0.01193243358	0.0230919665
1532	0.01193074027	0.02308396021
1533	0.01192967038	0.02307986597
1534	0.01192736317	0.02306809665
1535	0.01192543372	0.02306070355
1536	0.01192342555	0.0230530753
1537	0.01191840785	0.02304691235
1538	0.01191697428	0.02303914537
1539	0.01191501043	0.02303667154
1540	0.01191387068	0.02303235403
1541	0.01191205735	0.02302443446
1542	0.01191046695	0.0230170064
1543	0.01190900322	0.02301189157
1544	0.01190885182	0.02301050129
1545	0.01190728099	0.02300317995
1546	0.01190602028	0.02299642452
1547	0.0119046516	0.0229933215
1548	0.01190330925	0.02298844151
1549	0.01190026761	0.02298434653
1550	0.01189888226	0.02298074626
1551	0.01189750771	0.02297770963
1552	0.0118860133	0.02297078096
1553	0.01188397835	0.02296367496
1554	0.01188274779	0.02295909731
1555	0.01187919875	0.02295049261
1556	0.01187663578	0.02293348322
1557	0.01187160111	0.02292811862
1558	0.01187029408	0.02292244068
1559	0.01186912182	0.02291805515
1560	0.01186539729	0.02291549121
1561	0.01186443558	0.0229118647
1562	0.01186319545	0.02290648309
1563	0.01185940756	0.02290389726
1564	0.011857302	0.02289824667
1565	0.01185614162	0.02289226785
1566	0.01185310571	0.02288775632
1567	0.01185136518	0.02288259244
1568	0.01185006348	0.02287449609
1569	0.01184967403	0.0228716609
1570	0.01184849794	0.02286881273
1571	0.01184693255	0.02286568053
1572	0.01184170345	0.02286105493
1573	0.01183845255	0.02285756463
1574	0.01183410572	0.02284582526
1575	0.01183308473	0.0228420635
1576	0.0118317467	0.02283778376
1577	0.01183057283	0.0228340226
1578	0.01182507775	0.02282886301
1579	0.01182393732	0.02282463865
1580	0.01182160419	0.02281660769
1581	0.01181998759	0.02280534315
1582	0.01181793489	0.02279938711
1583	0.01181611795	0.02279221615
1584	0.01181429327	0.02278777667
1585	0.01181359712	0.02278356308
1586	0.01181245817	0.02278084503
1587	0.01181107545	0.02277586267
1588	0.01180986912	0.02277117874
1589	0.01180007812	0.02276548672
1590	0.01179892537	0.02276192838
1591	0.01179211761	0.02275642203
1592	0.01179130108	0.02275119338
1593	0.01178845247	0.02274807885
1594	0.01178683397	0.02274355308
1595	0.01178354207	0.02273927951
1596	0.01178066976	0.02273414796
1597	0.01177948444	0.022730448
1598	0.01177858817	0.02272830095
1599	0.01177306886	0.02272495509
1600	0.01176674854	0.02271603337
1601	0.01176523433	0.02270999985
1602	0.01176384047	0.02270231517
1603	0.01176164359	0.02269899859
1604	0.01176024982	0.02269404841
1605	0.01175328354	0.02268915798
1606	0.01174791439	0.02268621662
1607	0.01174635321	0.02268345384
1608	0.01173712703	0.02267818599
1609	0.01173349002	0.02266086145
1610	0.01172818844	0.02265711261
1611	0.01172776705	0.02265231244
1612	0.0117262337	0.02264922135
1613	0.01172524346	0.02264432438
1614	0.01172422634	0.02263767241
1615	0.01171359094	0.02263138116
1616	0.01171174776	0.0226288268
1617	0.01171065761	0.02262275358
1618	0.01170825409	0.02261431343
1619	0.01170721497	0.02261054754
1620	0.01170614463	0.02260645246
1621	0.0117024399	0.02260135929
1622	0.01170133909	0.02259754668
1623	0.01170113764	0.02259376401
1624	0.01170000482	0.0225909732
1625	0.01169353894	0.02258616402
1626	0.0116916175	0.02257956843
1627	0.01169009427	0.02257356212
1628	0.01168970295	0.02256885696
1629	0.01168861844	0.02256464859
1630	0.01168719559	0.02255796878
1631	0.01168617518	0.02255452255
1632	0.01168523644	0.02254935177
1633	0.01168332468	0.02254313156
1634	0.01168149877	0.02253631125
1635	0.01168001994	0.02252930639
1636	0.01167867663	0.02252454065
1637	0.01167822251	0.02252163
1638	0.0116770076	0.02251716067
1639	0.01167482275	0.02251170125
1640	0.01167379543	0.02250821471
1641	0.01167340327	0.02250564021
1642	0.01166903981	0.02249591421
1643	0.01166796244	0.02248450682
1644	0.01166778675	0.02248328566
1645	0.01166618499	0.02247959724
1646	0.01166204635	0.02247560647
1647	0.01166069913	0.0224692576
1648	0.0116554193	0.02246390705
1649	0.01165449679	0.02246005826
1650	0.0116523497	0.02245648074
1651	0.01164582223	0.02245265918
1652	0.01164423928	0.02244955545
1653	0.01164259879	0.02244487425
1654	0.01164110359	0.02243469907
1655	0.01163958354	0.02243033906
1656	0.01163035072	0.0224249497
1657	0.01162801874	0.02242141927
1658	0.01162575196	0.02240781621
1659	0.01162439778	0.02240354534
1660	0.01162059308	0.02239832447
1661	0.01161514987	0.02237652737
1662	0.01161224108	0.02236539319
1663	0.01161023549	0.02236005599
1664	0.01160797352	0.02235481856
1665	0.01160284622	0.02233435681
1666	0.01159858045	0.02233098963
1667	0.01159666192	0.0223279597
1668	0.01159551543	0.02232423592
1669	0.01159426847	0.02232041712
1670	0.01158923589	0.02231766089
1671	0.01158698866	0.02231486739
1672	0.01158046293	0.02231080398
1673	0.01157804196	0.02230831569
1674	0.01157679768	0.02230313383
1675	0.01157391425	0.0222994337
1676	0.01157293416	0.02229561164
1677	0.01157144682	0.02229347543
1678	0.01156873805	0.02229067382
1679	0.01156761161	0.02228603465
1680	0.01156596019	0.022279592
1681	0.01156396944	0.0222720782
1682	0.01155924403	0.02226846743
1683	0.01155808686	0.02226461437
1684	0.0115570403	0.02225824035
1685	0.01154854542	0.02225385641
1686	0.0115481079	0.02225069715
1687	0.01154383013	0.02224733434
1688	0.01154237446	0.02224308464
1689	0.01154106517	0.02224037222
1690	0.01153732965	0.02223624246
1691	0.01153600404	0.02223021703
1692	0.01153402491	0.02221989114
1693	0.01152540884	0.02221510988
1694	0.01152426306	0.02221012926
1695	0.01152289311	0.02220778034
1696	0.01151942864	0.02220421626
1697	0.0115186586	0.02219706004
1698	0.01151741214	0.02218994465
1699	0.01151620256	0.02218560444
1700	0.01151542179	0.02218260956
1701	0.01151226522	0.02217890983
1702	0.01150954586	0.02216965844
1703	0.01150826425	0.02216711477
1704	0.01150700115	0.02216296608
1705	0.01150644922	0.02215802864
1706	0.01150570002	0.02215491735
1707	0.01150382527	0.02214948638
1708	0.01150343458	0.02214749701
1709	0.01150142806	0.02214252247
1710	0.01149991758	0.02213703666
1711	0.01149869078	0.02213279387
1712	0.01149698836	0.02212353761
1713	0.01149531704	0.02211975977
1714	0.01149426785	0.02211433294
1715	0.0114931196	0.02210904715
1716	0.01149223141	0.02210578578
1717	0.01149101909	0.02210142961
1718	0.01148615952	0.02208651893
1719	0.01148399375	0.02208073648
1720	0.01148268238	0.02207324001
1721	0.01148152108	0.02206935049
1722	0.011473353	0.02206487675
1723	0.01147204808	0.02205772138
1724	0.01146943552	0.02205440322
1725	0.01146463523	0.02205176375
1726	0.01145616525	0.02204704221
1727	0.01145170185	0.02204216971
1728	0.01145097607	0.02203540778
1729	0.01145028789	0.02203201426
1730	0.01144920376	0.02202941807
1731	0.01144815352	0.02202579876
1732	0.01144748575	0.02202279007
1733	0.01144713601	0.02201877332
1734	0.01144582631	0.02201319157
1735	0.0114425388	0.02200296826
1736	0.01143530222	0.02199893328
1737	0.01143428722	0.02199531277
1738	0.01143227204	0.02199220856
1739	0.01143112541	0.0219889248
1740	0.01143034222	0.02198569513
1741	0.01142733534	0.02198123693
1742	0.01142518652	0.0219678548
1743	0.0114242807	0.02196187441
1744	0.01142401942	0.02195968756
1745	0.01142229497	0.02195728389
1746	0.0114194496	0.02195504082
1747	0.01141772062	0.02195222889
1748	0.01141590036	0.02194722052
1749	0.01141507811	0.0219417299
1750	0.01141394155	0.0219376909
1751	0.01141142463	0.02193551944
1752	0.01140814315	0.02192846951
1753	0.01140355875	0.02192535461
1754	0.01140262514	0.02192149378
1755	0.01140183315	0.02191682056
1756	0.01140149803	0.02191294783
1757	0.01139996128	0.0219091178
1758	0.01139972357	0.02190705268
1759	0.0113983297	0.02190255402
1760	0.01139246628	0.02189779064
1761	0.01139133581	0.02189392936
1762	0.01138946051	0.02188791915
1763	0.01138486131	0.02188274332
1764	0.01138284474	0.02187726439
1765	0.01138182879	0.02187012949
1766	0.01137926297	0.02185332233
1767	0.01137241536	0.02184957817
1768	0.01137088509	0.02183965195
1769	0.01136885775	0.02183405811
1770	0.01136776046	0.02182973516
1771	0.01136616373	0.02182113185
1772	0.01136349643	0.02181781401
1773	0.01135907589	0.02181345878
1774	0.01135634248	0.02180923563
1775	0.01135531874	0.02180529839
1776	0.0113538636	0.02180319368
1777	0.01134372587	0.02179719343
1778	0.01134357785	0.0217959276
1779	0.01134221425	0.02179320128
1780	0.01134131287	0.02178359917
1781	0.01133881564	0.02178050943
1782	0.0113367832	0.02176773462
1783	0.01133466381	0.02176116509
1784	0.01133346249	0.02175525941
1785	0.01133226737	0.02175099284
1786	0.0113317028	0.02174801354
1787	0.01133056838	0.02174542689
1788	0.01132942902	0.02173798464
1789	0.01132902413	0.02173542089
1790	0.01132688525	0.02173280599
1791	0.01132503607	0.02172803946
1792	0.01132162976	0.02172388321
1793	0.01132070228	0.02172118857
1794	0.0113190347	0.02171713153
1795	0.01131776814	0.02171036888
1796	0.01131665799	0.02170432723
1797	0.01131069522	0.02170122316
1798	0.01130509871	0.02169789937
1799	0.01130077864	0.02169310506
1800	0.01129957012	0.02168887837
1801	0.01129512103	0.02167222278
1802	0.0112936694	0.02166663808
1803	0.01129248564	0.02166007743
1804	0.01129160673	0.0216536904
1805	0.01129067427	0.02164971897
1806	0.01128934585	0.02163782428
1807	0.01128765404	0.02163314477
1808	0.01128525414	0.02163001788
1809	0.01128449501	0.02162707815
1810	0.01128292182	0.02161985916
1811	0.01128214961	0.02161705962
1812	0.01127369303	0.02161209152
1813	0.01126833069	0.02160769966
1814	0.01125823112	0.0216021077
1815	0.01125413563	0.02159991176
1816	0.011247527	0.02159559815
1817	0.01124618858	0.02158815915
1818	0.01124443708	0.02157887677
1819	0.01124289994	0.0215765698
1820	0.01124270612	0.02157466133
1821	0.01124105974	0.0215659448
1822	0.01124016565	0.0215624352
1823	0.01123917028	0.02155746855
1824	0.01123803966	0.02155226541
1825	0.01123726683	0.02154969022
1826	0.01123624866	0.02154485622
1827	0.0112321948	0.02154201449
1828	0.01122801025	0.02153900743
1829	0.01122722054	0.02153629044
1830	0.01122186874	0.0215326519
1831	0.01121869567	0.02153053375
1832	0.01121512472	0.02152587107
1833	0.0112102624	0.02152163477
1834	0.01120915575	0.02151656162
1835	0.0112076622	0.02151219348
1836	0.01120395894	0.0215078409
1837	0.01120251747	0.02149845993
1838	0.01120098984	0.02149195396
1839	0.01119983228	0.02148457839
1840	0.01119664274	0.02148145728
1841	0.01119019336	0.02147848577
1842	0.01118939521	0.02147573977
1843	0.0111883087	0.02147180146
1844	0.01118699218	0.02146668242
1845	0.01118540969	0.02146161192
1846	0.0111843612	0.02145715464
1847	0.01118304524	0.02144794401
1848	0.01118187951	0.02144318423
1849	0.0111805015	0.02143762675
1850	0.01117940521	0.0214346735
1851	0.0111763627	0.02143065814
1852	0.011175147	0.02142786321
1853	0.01117382521	0.02142035682
1854	0.01116979802	0.02141842997
1855	0.01116947993	0.02141578067
1856	0.0111677675	0.02141089861
1857	0.01116634624	0.02140499038
1858	0.01116487697	0.021400276
1859	0.01116380767	0.02139638539
1860	0.01116318534	0.0213938391
1861	0.01116174578	0.02138548181
1862	0.01116113617	0.02138365885
1863	0.0111577638	0.02138112347
1864	0.01115024412	0.0213767018
1865	0.01114542994	0.02137226571
1866	0.01114510568	0.02137014071
1867	0.01113778807	0.02136593979
1868	0.01113635235	0.02136149106
1869	0.01113338101	0.02135948721
1870	0.01113218385	0.02135505632
1871	0.01113136381	0.0213515021
1872	0.01113002748	0.0213477356
1873	0.01112302801	0.02134386118
1874	0.01111934922	0.02133935405
1875	0.01111360266	0.02133532259
1876	0.01111121472	0.02133332783
1877	0.01110986719	0.02132455885
1878	0.01110751018	0.02132074374
1879	0.0111063975	0.02131815134
1880	0.01109952751	0.02131428206
1881	0.01109913058	0.02131159587
1882	0.0110950339	0.02129657563
1883	0.01109202816	0.02129445949
1884	0.01109022411	0.02129049208
1885	0.01108874018	0.02128202719
1886	0.01108440614	0.02127806725
1887	0.01108278224	0.02127266178
1888	0.01108176997	0.02126522399
1889	0.01108036032	0.02126057328
1890	0.01107898126	0.02125639775
1891	0.01107689804	0.02124839742
1892	0.01107580162	0.02124605755
1893	0.01107486245	0.02124031017
1894	0.01107233933	0.02123700742
1895	0.01107149129	0.02123316207
1896	0.01107068035	0.02122762719
1897	0.01106973079	0.0212205466
1898	0.01106863028	0.02121656428
1899	0.01106821078	0.02121406258
1900	0.011066915	0.02120964127
1901	0.01106542014	0.02120119738
1902	0.01106526048	0.02120085329
1903	0.01106453679	0.02119846524
1904	0.01106392464	0.02119413557
1905	0.01105869819	0.02119108525
1906	0.01105648894	0.02118831067
1907	0.01105545937	0.02118530146
1908	0.01105320404	0.02117960861
1909	0.01105239784	0.02117667177
1910	0.01105163929	0.02117144084
1911	0.01104686648	0.02116857915
1912	0.01104155529	0.02116471358
1913	0.01104025517	0.02115995797
1914	0.01103943456	0.02115666907
1915	0.01103728658	0.02114900442
1916	0.01103551752	0.02113904644
1917	0.01103119818	0.02113624923
1918	0.01102723997	0.0211340702
1919	0.01102339916	0.02112000639
1920	0.01102193941	0.02111044064
1921	0.01102083343	0.02110679153
1922	0.01102024583	0.02110156978
1923	0.01101962536	0.02109886492
1924	0.01101692502	0.02109640137
1925	0.01101658168	0.02109470474
1926	0.01101287986	0.02109198714
1927	0.01101204182	0.02108738292
1928	0.01100734956	0.02108414352
1929	0.01099826622	0.02107891984
1930	0.01099734832	0.02107590353
1931	0.01099016202	0.02107216721
1932	0.010986346	0.02106879872
1933	0.01098283422	0.02106078322
1934	0.01098202439	0.02105758576
1935	0.01098028097	0.02105469881
1936	0.01097816808	0.02105089377
1937	0.01097185679	0.02104425594
1938	0.01096297898	0.02103948456
1939	0.01096079667	0.02103233932
1940	0.01095751543	0.02102894887
1941	0.01095610397	0.02102683345
1942	0.01095551748	0.02102427054
1943	0.01095442503	0.02102093922
1944	0.01095365673	0.02101660848
1945	0.01094830697	0.0210119089
1946	0.01094638682	0.02100832729
1947	0.01094491339	0.02100370452
1948	0.01094133421	0.02100018565
1949	0.01093661421	0.02099675432
1950	0.01093182083	0.02098448031
1951	0.01092529449	0.02098056175
1952	0.01091833945	0.0209769302
1953	0.01091018469	0.02097247302
1954	0.01090813956	0.02095782455
1955	0.01090218368	0.02095509602
1956	0.01090101018	0.02095010093
1957	0.01089879616	0.02094748254
1958	0.01089625907	0.0209284618
1959	0.01089497015	0.02092010185
1960	0.01089434421	0.02091566585
1961	0.01088581879	0.02091118039
1962	0.01088464985	0.02090657659
1963	0.01088326867	0.02090414898
1964	0.010881131	0.02090169709
1965	0.01087995539	0.02089820099
1966	0.01087802247	0.02089226491
1967	0.01087697229	0.02088768846
1968	0.01087647589	0.02088059804
1969	0.01087597892	0.02087876058
1970	0.01087432562	0.02087372821
1971	0.01087345529	0.02087031093
1972	0.01087178635	0.02086810449
1973	0.01086818698	0.02086572591
1974	0.01086627693	0.02085263982
1975	0.01086355204	0.02084918398
1976	0.01086178155	0.02084312144
1977	0.01086079022	0.02083483949
1978	0.01085972116	0.02083230941
1979	0.01085366953	0.02082868386
1980	0.01085252649	0.02082190173
1981	0.01085001805	0.02081868181
1982	0.01084871947	0.02081104514
1983	0.01084463714	0.02080833684
1984	0.01084122602	0.02080597512
1985	0.01084066277	0.02080203446
1986	0.01083620672	0.02079116582
1987	0.01083478931	0.02078841095
1988	0.01083229465	0.02078589397
1989	0.01083130034	0.02078230382
1990	0.0108279012	0.02077921378
1991	0.01082732757	0.02077559295
1992	0.01082685209	0.02077293003
1993	0.01082550923	0.0207677174
1994	0.01082536212	0.02076744802
1995	0.010824447	0.020765184
1996	0.01082350974	0.02076151855
1997	0.01082286272	0.02075955632
1998	0.01082085238	0.02075334302
1999	0.01081955994	0.02074529235
